Banco de Chile,bancochile.cl
Banco Santander Chile,santander.cl
Banco BCI,bci.cl
Banco Itaú,itau.cl
Banco Scotiabank,scotiabank.cl
Banco Estado,bancoestado.cl
Banco Internacional,bancointernacional.cl
Banco Security,security.cl
Banco Consorcio,bancoconsorcio.cl
Banco Falabella,bancofalabella.cl
Banco Ripley,bancoripley.cl
Banco BICE,bice.cl
Banco BTG Pactual,btgpactual.cl
Banco Do Brasil,bb.cl
Banco de Crédito e Inversiones,bci.cl
Coopeuch,coopeuch.cl
Caja Los Andes,cajalosandes.cl
Caja 18 de Septiembre,caja18.cl
Caja La Araucana,laaraucana.cl
Caja Los Héroes,losheroes.cl
Transbank,transbank.cl
Redbanc,redbanc.cl
Sura Chile,sura.cl
MetLife Chile,metlife.cl
Zurich Chile,zurich.cl
Consorcio Seguros,consorcio.cl
BICE Vida,bicevida.cl
Principal Chile,principal.cl
AFP Habitat,afphabitat.cl
AFP Cuprum,afpcuprum.cl
